name,pos,team_code,credits,pdk,eff_per_credit,eff_per_game,gp,min_per_game
Wenyen Gabriel,C,PAO,7.8,239.7,30.73076923076923,7.490625,32.0,16.53125
Donatas Motiejunas,C,ASM,6.7,233.5,34.850746268656714,8.051724137931034,29.0,14.724137931034482
Khem Birch,C,FBB,6.3,200.5,31.825396825396826,5.569444444444445,36.0,13.666666666666666
Sertac Sanli,C,FBB,5.0,188.6,37.72,5.715151515151515,33.0,13.06060606060606
Moses Wright,C,OLY,6.3,122.5,19.444444444444446,6.805555555555555,18.0,12.833333333333334
Jilson Bango,C,FBB,6.7,33.0,4.925373134328358,3.3,10.0,7.0
Alexandros Samodurov,C,PAO,4.0,17.0,4.25,2.8333333333333335,6.0,4.333333333333333
Tibor Pleiss,C,PAO,5.5,-1.2,-0.21818181818181817,-0.15,8.0,4.75
