name,pos,team_code,credits,pdk,eff_per_credit,eff_per_game,gp,min_per_game
Sasha Vezenkov,F,OLY,21.2,967.1,45.61792452830189,25.45,38.0,30.394736842105264
Kendrick Nunn,G,PAO,17.4,805.5,46.293103448275865,20.1375,40.0,30.825
Nigel Hayes-davis,F,FBB,17.2,768.1,44.656976744186046,19.694871794871794,39.0,31.333333333333332
Mike James,G,ASM,17.4,759.3,43.63793103448276,18.51951219512195,41.0,29.341463414634145
Mathias Lessort,C,PAO,15.3,400.9,26.202614379084963,21.099999999999998,19.0,25.473684210526315
